ALLIAR;AALR3  ;Small Cap;Saúde;A Alliar Médicos à Frente é uma empresa de diagnósticos de saúde. Ela está registrada na B3 com o nome Centro de Imagem Diagnóstico S.A. A empresa atua com foco em diagnóstico por imagem, com 118 unidades de atendimento.
BANCO ABC BRASIL;ABCB4  ;Small Cap;Financeiro;O ABC Brasil, antigo Banco ABC Roma, é um banco múltiplo, especializado na concessão de crédito e serviços para empresas de médio a grande portes. Está habilitado a operar nas carteiras comercial, de investimentos, financeira, crédito Imobiliário e câmbio. Controlado pelo Arab Banking Corporation, conta ainda com uma agência nas Ilhas Cayman.
AMBEV S/A;ABEV3  ;Mega Cap;Consumo não Cíclico;A Ambev é a maior cervejaria da América Latina. É controlada pela AB InBev, companhia de bebidas que tem os brasileiros Jorge Paulo Lemann, Marcel Telles e Carlos Alberto Sicupira entre seus principais sócios.
AERIS;AERI3  ;Micro Cap;Bens Industriais;A Aeris é uma produtora de pás para turbinas de energia eólica, sendo a maior fabricante do país, criada em 2010.
AES BRASIL;AESB3  ;Mid Cap;Utilidade Pública;A AES Brasil é uma empresa geradora de energia elétrica. Ela atua com geração por meio de usinas hidrelétricas, eólicas e solares.
AFLUENTE T;AFLT3  ;Micro Cap;Utilidade Pública;A Afluente Transmissão de Energia Elétrica S/A é uma empresa de transmissão de energia elétrica. Ela é controlada pela Neoenergia. A afluente opera subestações no estado da Bahia, ligadas a um total de 489 km de linhas de transmissão. Ela possui potência instalada de 600 MVA.
BRASILAGRO;AGRO3  ;Small Cap;Consumo não Cíclico;A Brasilagro é uma empresa do setor do agronegócio. Ela realiza a aquisição, desenvolvimento, exploração e comercialização de propriedades rurais com aptidão agropecuária. A partir do momento da aquisição, a empresa busca implementar culturas de maior valor agregado. Ela também realiza investimentos em infraestrutura e tecnologia.
AGROGALAXY;AGXY3  ;Small Cap;Consumo não Cíclico;
SP TURISMO;AHEB3   AHEB5   AHEB6  ;Nano Cap;Consumo Cíclico;
ALLIED;ALLD3  ;Micro Cap;Consumo Cíclico;
ALPARGATAS;ALPA3   ALPA4  ;Mid Cap;Consumo Cíclico;A Alpargatas é uma empresa brasileira fabricante de calçados. Ela é líder do segmento na América Latina. Dona de marcas como Havaianas, Osklen, Topper Argentina e Dupé, também detém as licenças da Mizuno. Com quatro fábricas no Brasil e quatro na Argentina a empresa também possui operações nos Estados Unidos e Europa. A Alpargatas tem presença significativa no varejo, com mais de 600 lojas no mundo, a maioria da marca Havaianas. Ela está em cerca de 150 mil pontos de vendas do Brasil e 10 mil no exterior.
ALLPARK;ALPK3  ;Micro Cap;Bens Industriais;
ALIANSCSONAE;ALSO3  ;Mid Cap;Financeiro;A Aliansce Sonae Shopping Centers S/A é uma das mais importantes administradoras de shoppings centers do Brasil. A empresa é resultado da fusão, em 2019, da Aliansce e da Sonae Sierra Brasil. Presente em todas as regiões do País, a companhia possui em seu portfólio 41 centros de compras, entre próprios e sob sua administração. Somados, representam área bruta locável de cerca de 1,4 milhão de m² e aproximadamente 7 mil lojas.
ALUPAR;ALUP11   ALUP3   ALUP4  ;Mid Cap;Utilidade Pública;A Alupar Investimento S/A é uma holding de controle nacional privado, com atuação no setor de energia elétrica. Ela opera nos segmentos de transmissão e geração. A empresa possui a concessão de 30 sistemas de transmissão, totalizando 7.929 km de linhas. No segmento de geração, detém a concessão ou autorização de 10 ativos. Os ativos incluem 4 usinas hidrelétricas, 5 pequenas centrais hidrelétricas e 1 parque eólico.
MARISA;AMAR3  ;Micro Cap;Consumo Cíclico;A Marisa Lojas S.A. é uma rede de moda feminina e lingerie. A companhia atua com foco no segmento popular sob a marca corporativa “Marisa”.
AMBIPAR;AMBP3  ;Small Cap;Utilidade Pública;A Ambipar é um grupo que atua na gestão ambiental, de resíduos e de resposta a emergências e é formada por duas companhias: Ambipar Environment e Ambipar Response.
AMERICANAS;AMER3  ;Micro Cap;Consumo Cíclico;Americanas é uma empresa de comércio eletrônico, resultado da fusão em 2006 de Submarino e Americanas.com. Sob seu guarda-chuva, estão ainda marcas como Shoptime e Sou Barato. O controle acionário da Americanas pertence a Lojas Americanas S/A, dona de mais de 60% do capital social, composto exclusivamente por ações ordinárias (AMER3). Os demais papéis são parte integrante do free float no mercado de capitais.
ANIMA;ANIM3  ;Small Cap;Consumo Cíclico;A Ânima Educação é uma organização educacional privada de ensino superior. A empresa reúne uma universidade, sete centros universitários, além de faculdades e unidades acadêmicas. Em agosto de 2019 registrava cerca de 115 mil estudantes matriculados.
ALPER S.A.;APER3  ;Micro Cap;Financeiro;A Alper Consultoria e Corretora de Seguros é uma empresa que atua no setor de seguros. É o novo nome da BR Insurance após reestruturação em 2018. Oferece seguros corporativos, massificados, de automóveis, além de linhas financeiras. Ainda oferece seguros pessoais como de vida, saúde, odontológico e previdência.
ALIPERTI;APTI3   APTI4  ;Nano Cap;Consumo não Cíclico;
ARMAC;ARML3  ;Small Cap;Bens Industriais;
AREZZO;ARZZ3  ;Mid Cap;Consumo Cíclico;A Arezzo Indústria e Comércio S.A. é uma empresa de varejo que atua no setor de calçados, bolsas e acessórios femininos. Além da própria Arezzo, a empresa possui mais cinco marcas: Schutz, Anacapri, Alexandre Birman, Fiever e Alme. Todas as marcas possuem suas respectivas lojas de e-commerce na internet.
ASSAI;ASAI3  ;Mid Cap;Consumo não Cíclico;
ATMA;ATMP3  ;Nano Cap;Bens Industriais;
ATOMPAR;ATOM3  ;Nano Cap;Outros;A ATOM Empreendimentos e Participações S.A. é uma empresa que atua no setor financeiro. Seu foco é prop trading (negociação de ativos ou outros instrumentos financeiros) e consultoria. Ela também lançou uma fintech voltada para criptomoedas, a Takion Technology. A empresa ainda realiza atividades relacionadas a treinamento e educação.
AUREN ENERGIA;AURE3  ;Mid Cap;Utilidade Pública;
ALPHAVILLE;AVLL3  ;Nano Cap;Consumo Cíclico;A Alphaville é uma empresa brasileira atua a mais de 40 anos, sendo conhecida pelo desenvolvimento de loteamentos urbanos fechados (gated- communities ) para as classes média e alta.
AZEVEDO;AZEV3   AZEV4  ;Nano Cap;Bens Industriais;
AZUL;AZUL4  ;Small Cap;Bens Industriais;A Azul Linhas Aéreas foi fundada em 2008 pelo empresário David Neelman, nascido no Brasil e criado nos Estados Unidos. Focada em rotas regionais, a partir do aeroporto de Viracopos, em Campinas (SP), a Azul rapidamente conquistou mercado e consumidores, atingindo um milhão de passageiros já no ano seguinte à sua fundação.
B3;B3SA3  ;Big Cap;Financeiro;A B3 S/A – Brasil, Bolsa, Balcão é a bolsa de valores oficial do Brasil. A B3 surgiu em 2017, após a fusão da Bolsa de Valores, Mercadorias e Futuros de São Paulo com a Central de Custódia e de Liquidação Financeira de Títulos (Cetip). Com sede em São Paulo, a B3 é a única bolsa de valores, mercadorias e futuros em operação no Brasil, e uma das maiores do mundo. Também é a maior depositária de títulos de renda fixa da América Latina e maior câmara de ativos privados do País, além de liderar serviços de registro de financiamento de veículos e imóveis.
BAHEMA;BAHI3  ;Micro Cap;Consumo Cíclico;Fundada em Salvador na década de 1950, como empresa de comercialização de implementos agrícolas, a Bahema Educação inicia em 2017 seus primeiros investimentos no setor educacional, diretamente ou por meio de participação no controle de escolas de educação básica.
BAUMER;BALM3   BALM4  ;Nano Cap;Saúde;
EXCELSIOR;BAUH3   BAUH4  ;Micro Cap;Consumo não Cíclico;
AMAZONIA;BAZA3  ;Small Cap;Financeiro;O capital do Banco da Amazônia é composto exclusivamente por ações ordinárias (BAZA3). A União é a acionista majoritária do banco, com participação de mais de 95% do capital total da instituição financeira. O restante dos papéis estão em livre circulação no mercado.
BANCO DO BRASIL;BBAS3  ;Big Cap;Financeiro;Fundado em 1808, o Banco do Brasil é a primeira instituição bancária a operar no País. Ocupa as primeiras colocações entre os maiores bancos da América Latina e Caribe, com mais de R$ 1,4 trilhão em ativos. Também é um dos quatro maiores bancos brasileiros de capital aberto.
BRADESCO;BBDC3   BBDC4  ;Mega Cap;Financeiro;O Bradesco é o segundo maior banco privado do Brasil, atrás do Itaú-Unibanco. Controlado pela Companhia Cidade de Deus e Fundação Bradesco, o banco tem mais de 71 milhões de clientes, aproximadamente 4,6 mil agências e cerca de 99 mil funcionários. O banco consolidou-se por meio de incorporações de várias instituições financeiras, ao longo de sua trajetória. Somente entre 2000 e 2007, foram quase 20 incorporações. Em 2016, a maior delas: aquisição das operações do HSBC Bank no Brasil, por R$ 16 bilhões.
BB SEGURIDADE;BBSE3  ;Big Cap;Financeiro;A BB Seguridade é uma holding, controlada pelo Banco do Brasil, que atua nos segmentos de seguros, previdência e capitalização. A companhia foi criada em 2012, após o Banco do Brasil separar a sua divisão de seguros em uma nova empresa de capital aberto. A companhia utiliza, principalmente, a capilaridade da rede do Banco do Brasil para comercializar seus produtos. Esse modelo de negócio de seguros, conhecido como bancassurance, aproveita os mais de 60 mil pontos de atendimento físico do banco, além dos meios digitais.
BARDELLA;BDLL3   BDLL4  ;Nano Cap;Bens Industriais;
MINERVA;BEEF3  ;Mid Cap;Consumo não Cíclico;A Minerva Foods é uma empresa de produção e comercialização de carne in natura. Ela também exporta gado vivo e atua no processamento de carnes.
BANESTES;BEES3   BEES4  ;Small Cap;Financeiro;O Banco do Estado do Espírito Santo S.A. (Banestes) é um banco múltiplo controlado pelo governo do Estado do Espírito Santo. A instituição financeira possui a maior rede bancária do Estado, com presença em todos os 78 municípios capixabas. O Banestes possui uma rede de cerca de 870 pontos de atendimento. O banco, com mais de 1,1 milhão de clientes, oferece um portfólio completo de produtos e serviços financeiros voltados a pessoas físicas e jurídicas. Com patrimônio líquido de R$ 1,6 bilhão, o banco compõe, com mais três empresas, o Sistema Financeiro Banestes.
BANESE;BGIP3   BGIP4  ;Micro Cap;Financeiro;
BIOMM;BIOM3  ;Micro Cap;Saúde;A Biomm S.A. é uma empresa biofarmacêutica especializada em medicamentos biológicos. Possui uma fábrica em Nova Lima, Minas Gerais, e contabiliza mais de 20 patentes. Foi criada em 2001, como uma cisão da Biobras, adquirida em 2001 pela Dinamarquesa Novo Nordisk.
BLAU FARMACEUTICA;BLAU3  ;Small Cap;Saúde;A Blau é uma fornecedora de medicamentos para tratamentos complexos e fez o IPO em busca de recursos para expansão na América Latina.
MERC BRASIL;BMEB3   BMEB4  ;Small Cap;Financeiro;
BANCO BMG;BMGB4  ;Micro Cap;Financeiro;O Banco BMG é um banco múltiplo que oferece serviços e produtos tanto para pessoa física como jurídica. Para a pessoa física, atua com cartão de crédito consignado, crédito pessoal e seguros massificados via parceria. Aos clientes pessoa jurídica, o banco oferece prestação de serviços financeiros estruturados. Também oferece instrumentos derivativos e seguro garantia para empresas de médio e grande porte. O BMG ainda disponibiliza produtos de investimento de renda fixa para todos os públicos.
MERC INVEST;BMIN3   BMIN4  ;Nano Cap;Financeiro;
BIC MONARK;BMKS3  ;Nano Cap;Consumo Cíclico;A Bicicletas Monark S.A. é uma empresa fabricante e montadora de bicicletas. Produz principalmente bicicletas populares e infantis, além de modelos intermediários. Está sediada em São Paulo, SP.
BEMOBI;BMOB3  ;Small Cap;Tecnologia da Informação;A Bemobi Mobile Tech é uma empresa focada na distribuição e monetização de aplicativos, games e serviços digitais móveis para países emergentes.
NORD BRASIL;BNBR3  ;Mid Cap;Financeiro;
BOA VISTA;BOAS3  ;Small Cap;Financeiro;A Boa Vista é uma empresa de informações de crédito, além de administradora de banco de dados e transações entre empresas, fundada em 2010 pela Associação Comercial de São Paulo (ACSP).
BOMBRIL;BOBR3   BOBR4  ;Micro Cap;Consumo não Cíclico;
BTGP BANCO;BPAC11   BPAC3   BPAC5  ;Big Cap;Financeiro;
BANCO PAN;BPAN4  ;Small Cap;Financeiro;O Banco Pan S.A. é um banco de médio porte com foco em pessoas físicas. Atua principalmente com crédito consignado (empréstimo e cartão de crédito). Também oferece financiamento de veículos, cartão de crédito institucional e seguros. Presente em todo o país, o banco foca sua presença nas regiões sudeste e nordeste.
BANPARA;BPAR3  ;Small Cap;Financeiro;O Banco do Estado do Pará S.A. (Banpará) é um banco múltiplo, organizado como sociedade de economia mista. O banco oferece contas correntes para pessoas físicas e jurídicas, diversas linhas de financiamento e seguros. Também opera serviços de câmbio e investimentos variados. Atua no Estado do Pará, com 155 unidades, entre entre agências, pontos de atendimento e caixas deslocados, em 103 municípios.
BRADESPAR;BRAP3   BRAP4  ;Mid Cap;Materiais Básicos;A Bradespar, companhia de investimento controlada pelo Bradesco, detém cerca de 6% do capital votante da Vale. Embora tenha sido fundada, em 2000, com o objetivo de participar do conrole de empresas líderes de segmentos maduros da economia, em 2019, esse é o único investimento no portfólio da companhia. O rompimento da barragem de Brumadinho, no início de 2019 derrubou as ações da Vale e também de seus principais investidores. O estrago para a Bradespar não foi pequeno, mas diminui à medida que a mineradora mitiga riscos e chega a acordos, pós-tragédia, com as partes e autoridades afetadas.
BRPARTNERS;BRBI11  ;Small Cap;Financeiro;
BRF SA;BRFS3  ;Mid Cap;Consumo não Cíclico;
ALFA CONSORCIO;BRGE11   BRGE12   BRGE3   BRGE5   BRGE6   BRGE7   BRGE8  ;Micro Cap;Financeiro;
BRISANET;BRIT3  ;Micro Cap;Comunicações;
ALFA INVESTIMENTOS;BRIV3   BRIV4  ;Micro Cap;Financeiro;
BRASKEM;BRKM3   BRKM5   BRKM6  ;Mid Cap;Materiais Básicos;A Braskem é uma empresa química e petroquímica controlada pela Novonor, anteriormente denominada Odebrecht, com participação expressiva da Petrobras. Criada em 2002 pela integração de seis companhias, está entre as seis maiores do segmento no mundo, com mais de 40 unidades industriais em quatro países. Figura entre as maiores produtoras de resinas termoplásticas nas Américas, com capacidade de produção de cerca de 9 milhões de toneladas. Também produz mais de 10 milhões de toneladas de químicos básicos, e é a maior fabricante mundial de biopolímeros, com capacidade anual de 200 mil toneladas de polietileno feito a partir de etanol de cana-de-açúcar (I’m green bio-based).
BR PROPERTIES;BRPR3  ;Small Cap;Financeiro;A BR Properties S.A. é uma empresa de investimento em imóveis comerciais de renda. Ela atua com a aquisição, locação, administração, incorporação e venda de imóveis comerciais. Seu foco é em imóveis qualificados como escritórios, galpões industriais e de varejo. Sua atuação se dá principalmente nas regiões metropolitanas de São Paulo e Rio de Janeiro.
BANRISUL;BRSR3   BRSR5   BRSR6  ;Small Cap;Financeiro;O Banrisul é um banco múltiplo controlado pelo Estado do Rio Grande do Sul e por acionistas. Ele está presente em mais de 1.200 pontos, no Brasil e no exterior.O banco oferece produtos e serviços financeiros como operações de crédito pessoal, incluindo crédito direto ao consumidor e consignado em folha de pagamento e crédito imobiliário. Também oferece financiamentos de longo prazo com recursos próprios e com recursos obtidos de instituições governamentais. Os serviços ainda incluem linhas de crédito para agricultura e pecuária e linhas de crédito empresarial. O banco também oferece administração de recursos de terceiros.
BRB BANCO;BSLI3   BSLI4  ;Small Cap;Financeiro;O BRB Banco de Brasília S.A. é um banco múltiplo constituído como sociedade de economia mista. Seu principal acionista é o Governo do Distrito Federal (80,33%). O Instituto de Previdência dos Servidores do Distrito Federal  detém 16,52% das ações e o restante (3,15%) está em free float. O banco atende tanto a pessoas físicas como jurídicas. Oferece serviços de conta corrente, empréstimo e financiamento, investimento, seguros e previdência. Também oferece serviços de banco público como depósito judicial e recebimento de recursos de programas sociais. Ainda emite cartões de crédito.
EMBPAR S/A;EPAR3  ;Micro Cap;Bens Industriais;
CONST A LIND;CALI3  ;Nano Cap;Consumo Cíclico;
CAMBUCI;CAMB3  ;Micro Cap;Consumo Cíclico;A Cambuci S.A. é uma empresa fabricante de roupas, calçados e assessórios esportivos. É dona das marcas Penalty e Stadium. Fornece produtos para futsal, futebol, vôlei, basquete e handball.
CAMIL;CAML3  ;Small Cap;Consumo não Cíclico;A Camil é uma empresa de bens de consumo do setor de alimentos. Ela atua na industrialização, comercialização e distribuição de grãos (principalmente, arroz e feijão). Também trabalha com açúcar e pescados enlatados como sardinha e atum, incluindo molhos e patês.
MELIUZ;CASH3  ;Micro Cap;Tecnologia da Informação;O Méliuz é uma empresa mineira de programas de cashback criada em 2011. O negócio da companhia consiste em devolver ao consumidor uma parte do valor gasto na compra de um determinado produto online.
CASAN;CASN3   CASN4  ;Mid Cap;Utilidade Pública;
CBA;CBAV3  ;Small Cap;Materiais Básicos;A Companhia Brasileira de Alumínio (CBA) é uma empresa que faz parte do Grupo Votorantim e foi criada em 1941 para explorar jazidas de bauxita em Poços de Caldas (MG).
AMPLA ENERGIA;CBEE3  ;Small Cap;Utilidade Pública;A Ampla Energia e Serviços é uma distribuidora de energia elétrica, controlada pela Enel Brasil. A companhia distribui energia a mais de 66 municípios do Estado do Rio de Janeiro, equivalentes a mais de 70% do território fluminense. A Ampla atende a cerca de 3 milhões de unidades consumidoras, o que envolve uma população estimada de 8 milhões de habitantes.
CCR SA;CCRO3  ;Mid Cap;Bens Industriais;O Grupo CCR é uma das maiores companhias de concessões de infraestrutura da América Latina. No Brasil, controla mais de 3,7 mil km de rodovias sob gestão da iniciativa privada. Também está à frente de importantes concessões de mobilidade urbana (metrôs, VLTs e barcas) e de gestão de aeroportos no Brasil e no Exterior.
CEA;CEAB3  ;Micro Cap;Consumo Cíclico;A C&A é uma empresa do varejo que atua com moda e serviços financeiros. Ela comercializa produtos como roupas, acessórios, celulares e eletrônicos. O setor financeiro atua junto ao Banco BradesCard, com serviços, como emissão e administração do Cartão C&A, empréstimo pessoal e seguros.
CEB;CEBR3   CEBR5   CEBR6  ;Micro Cap;Utilidade Pública;
CEDRO;CEDO3   CEDO4  ;Nano Cap;Consumo Cíclico;
COELBA;CEEB3   CEEB5   CEEB6  ;Mid Cap;Utilidade Pública;
CEEE-D;CEED3   CEED4  ;Small Cap;Utilidade Pública;
CEG;CEGR3  ;Mid Cap;Utilidade Pública;A Companhia Distribuidora de Gás do Rio de Janeiro (CEG) é uma distribuidora de gás que atua sob a marca Naturgy. A denominação Naturgy foi adotado pela multinacional espanhola que anteriormente se chamava Fenosa e controla CEG. A empresa espanhola também é controladora da antiga CEG Rio (Distribuidora do interior do Estado). As marcas foram unificadas sob a mesma denominação em 2018.
COMGAS;CGAS3   CGAS5  ;Mid Cap;Utilidade Pública;A Comgás é uma distribuidora de gás natural canalizado, com atuação no estado de São Paulo. Ela possui uma rede de mais de 16 mil quilômetros, abastecendo cerca de 1,9 milhão de consumidores.Entre os setores atendidos pela empresa, a maior parte dos clientes está no residencial. Ela também possui clientes no setor industrial, comercial e de Gás Natural Veicular (GNV). A Comgás ainda abastece sistemas de geração de energia elétrica emergencial.
GRAZZIOTIN;CGRA3   CGRA4  ;Micro Cap;Consumo Cíclico;
CIELO;CIEL3  ;Mid Cap;Financeiro;A Cielo (antiga Visanet Brasil) é uma empresa de tecnologia e serviços financeiros de meios de pagamento para o varejo. Realiza a captura, transmissão e liquidação financeira de transações com cartões de crédito e débito como adquirente multi-bandeira. Tem cerca de 1,4 milhão de clientes ativos e está presente em mais de 5.500 municípios brasileiros. Com mais de 2 mil funcionários, tem capacidade tecnológica para suportar 6 mil vendas por segundo.
CLEARSALE;CLSA3  ;Micro Cap;Financeiro;
CELESC;CLSC3   CLSC4  ;Small Cap;Utilidade Pública;
CEMIG;CMIG3   CMIG4  ;Big Cap;Utilidade Pública;A Cemig (Companhia Energética de Minas Gerais S.A.) é uma sociedade de economia mista e de capital aberto. Controlada pelo governo do Estado de Minas Gerais, que detém cerca de 51% das ações ordinárias da empresa (CMIG4), a Cemig tem capacidade instalada de mais de 6 mil MW, é dona de quase 5 mil km de linhas de transmissão e está presente em 22 Estados e atende a mais de 17 milhões de pessoas. Com mais de 150 mil investidores em quase 40 países, os papéis da Cemig são negociados nas bolsas de valores de São Paulo, Nova Iorque e Madri. Com sede em Minas Gerais, o grupo atua nas áreas de geração, transmissão, comercialização e distribuição de energia elétrica, soluções energéticas e distribuição de gás natural.
CSN MINERACAO;CMIN3  ;Mid Cap;Materiais Básicos;A CSN Mineração é a segunda maior exportadora de minério de ferro do Brasil, possuindo 3 bilhões de toneladas de acordo com Joint Ore Reserves Committee.
COELCE;COCE3   COCE5   COCE6  ;Small Cap;Utilidade Pública;
COGNA;COGN3  ;Small Cap;Consumo Cíclico;A Cogna é uma organização que atua na área de educação, tanto no Ensino Superior Presencial como à Distância, além de Educação Básica. Antiga Kroton, a empresa passou por uma reestruturação em 2019, criando 4 unidades de negócio.
COR RIBEIRO;CORR3   CORR4  ;Nano Cap;Financeiro;
CPFL ENERGIA;CPFE3  ;Big Cap;Utilidade Pública;A CPFL Energia é uma holding que, por meio de suas subsidiárias, gera, distribui e comercializa energia elétrica. Ela também provê serviços relacionados ao setor elétrico.
COPEL;CPLE11   CPLE3   CPLE5   CPLE6  ;Big Cap;Utilidade Pública;A Copel (Cia Paranaense de Energia), é uma empresa de geração, transmissão, distribuição e comercialização de energia elétrica. A companhia atende diretamente cerca de 4,6 milhões de unidades, em quase 400 municípios. Em 2019 a Copel possuía 46 usinas próprias, sendo 20 hidrelétricas, 1 térmica e 25 eólicas. Também operava 1 hidrelétrica em regime de cotas e tinha participação em outros 11 empreendimentos de geração. A empresa ainda possuía 1 parque eólico e 1 hidrelétrica em construção. Também contabiliza 6.735 km de linhas de transmissão e 198.922 km de linhas de distribuição.
CR2 EMPREENDIMENTOS;CRDE3  ;Nano Cap;Consumo Cíclico;
CARREFOUR;CRFB3  ;Mid Cap;Consumo não Cíclico;O Grupo Carrefour Brasil, denominado Atacadão S.A. na B3, é uma empresa varejista de produtos alimentares e não-alimentares. Com as marcas Atacadão e Carrefour, está presente em mais de 150 cidades de todos os estados brasileiros. O grupo também possui lojas de conveniência, farmácias e postos de combustíveis, além de uma linha de crédito. No varejo, o grupo Carrefour é pioneiro no formato de hipermercado no Brasil. Hoje são cerca de 150 estabelecimentos. As lojas de conveniência, que passam de 120, operam sob a bandeira Express.
ALFA FINANCEIRA;CRIV3   CRIV4  ;Micro Cap;Financeiro;
CRISTAL;CRPG3   CRPG5   CRPG6  ;Small Cap;Materiais Básicos;
SEG ALIANCA BAHIA;CSAB3   CSAB4  ;Micro Cap;Financeiro;
COSAN;CSAN3  ;Big Cap;Petróleo. Gás e Biocombustíveis;O grupo Cosan atua nos setores de agronegócio, distribuição de combustíveis e de gás natural e de lubrificantes e logística, com empresas como Raízen, Comgas, Moove e Rumo e marcas como Shell. Com origem no setor sucroenergético, ao longo de sua trajetória, iniciada em 1936, a companhia diversificou seu portfólio de negócios.
CRUZEIRODOSUL EDUCACIONAL;CSED3  ;Micro Cap;Consumo Cíclico;A Cruzeiro do Sul foi fundada em 1965 por Hermes Figueiredo e Gilberto Padove e hoje é o quarto maior grupo privado de ensino superior do Brasil.
COPASA;CSMG3  ;Mid Cap;Utilidade Pública;
CSN;CSNA3  ;Mid Cap;Materiais Básicos;A Companhia Siderúrgica Nacional (CSN) é uma empresa que atua nos setores de siderurgia, mineração, logística, cimento e energia. Ela atua em toda a cadeia produtiva do aço, desde a extração do minério de ferro, até a produção e comercialização. Sua linha de produtos possui alto valor agregado, incluindo aços planos revestidos galvanizados e folhas metálicas.
COSERN;CSRN3   CSRN5   CSRN6  ;Small Cap;Utilidade Pública;
CSU DIGITAL;CSUD3  ;Micro Cap;Financeiro;A CSU Digital é uma empresa de prestação de serviços de tecnologia voltados ao consumo. Ela atua no relacionamento com clientes e processamento de transações eletrônicas. Seu foco é em programas de cartões de crédito e meios de pagamento eletrônicos. Ela oferece gestão e terceirização de data center, soluções customizadas de loyalty, e-commerce, vendas, cobrança, crédito e contact center.
KARSTEN;CTKA3   CTKA4  ;Nano Cap;Consumo Cíclico;
COTEMINAS;CTNM3   CTNM4  ;Nano Cap;Consumo Cíclico;
SANTANENSE;CTSA3   CTSA4  ;Nano Cap;Consumo Cíclico;
CURY S/A;CURY3  ;Small Cap;Consumo Cíclico;A Cury é uma companhia subsidiária da Cyrela voltada a empreendimentos residenciais focados na baixa renda.
CVC BRASIL;CVCB3  ;Micro Cap;Consumo Cíclico;A CVC Brasil Operadora e Agência de Viagens S.A. é uma das maiores operadoras de turismo na América Latina. A companhia concentra suas atividades nos segmentos de viagens de lazer, corporativas e de intercâmbio. Fundada em 1972, na cidade de Santo André, região metropolitana de São Paulo, onde promovia excursões de ônibus, em 2010, teve seu controle adquirido pelo grupo norte-americano Carlyle, um dos maiores fundos de private equity do mundo.
CAIXA SEGURIDADE;CXSE3  ;Big Cap;Financeiro;Criada em 2015, a Caixa Seguridade é uma subsidiária da Caixa Econômica Federal que atua no segmento de seguros, com serviços nos ramos Habitacional, Prestamista, Vida e Residência.
CYRELA REALTY;CYRE3  ;Mid Cap;Consumo Cíclico;A Cyrela Brazil Realty é uma das maiores empresas do mercado imobiliário brasileiro na incorporação de empreendimentos residenciais. Fundada pelo empresário Elie Horn, na década de 1960, a empresa cresceu por meio de aquisições e joint ventures com empresas do setor e também durante o auge do boom imobiliário entre 2010 e 2013.
DASA;DASA3  ;Small Cap;Saúde;
DESKTOP;DESK3  ;Micro Cap;Comunicações;A Desktop é uma provedora de internet, com a empresa atuando majoritariamente no mercado de prestação de serviços de banda larga com tecnologia de fibra óptica de alta velocidade voltado para o consumidor pessoa física.
DEXXOS PART;DEXP3   DEXP4  ;Micro Cap;Materiais Básicos;
DIRECIONAL;DIRR3  ;Small Cap;Consumo Cíclico;A Direcional Engenharia é uma construtora brasileira com foco no em empreendimentos populares de grande porte. Ela atua principalmente nas regiões norte, centro-oeste e sudeste do país. A empresa é a que mais contratou empreendimentos no programa Minha Casa Minha Vida no segmento Faixa 1. Ela atingiu 5% de participação no consolidado da primeira e segunda fase do programa.
D1000;DMVF3  ;Nano Cap;Saúde;A d1000 é uma rede de drogarias formada pelas aquisições das bandeiras Drogasmil, Farmalife, Drogarias Tamoio e Drogaria Rosário, com atuação no Rio de Janeiro, Distrito Federal, Goiás, Mato Grosso e Tocantins.
DOHLER;DOHL3   DOHL4  ;Micro Cap;Consumo Cíclico;
DOTZ SA;DOTZ3  ;Nano Cap;Consumo Cíclico;A Dotz é uma empresa de tecnologia de programa de fidelidade fundada nos anos 2000.
DTCOM-DIRECT;DTCY3   DTCY4  ;Nano Cap;Bens Industriais;
DEXCO;DXCO3  ;Small Cap;Materiais Básicos;
ACO ALTONA;EALT3   EALT4  ;Nano Cap;Bens Industriais;A EALT4 – Electro Aço Altona é uma empresa do segmento indústria que atua com fundição e usinagem para o fornecimento de peças de carbono e em ferros ligados.
ECORODOVIAS;ECOR3  ;Small Cap;Bens Industriais;A Ecorodovias Infraestrutura e Logística S.A. é uma empresa do setor de infraestrutura que atua na administração de concessões rodoviárias. Por meio de dez concessões, a companhia é responsável por quase 850 km de rodovias brasileiras do Sudeste, Nordeste, Centro-Oeste e Sul do País.
ENGIE BRASIL;EGIE3  ;Big Cap;Utilidade Pública;A Engie Brasil Energia, anteriormente Tractebel Energia, é uma das maiores geradoras privadas de energia do Brasil. Com 55 usinas geradoras, a Engie tem capacidade instalada de 8.276 MW. Isso representa cerca de 6% da capacidade do País, com 90% da energia provenientes de fontes renováveis. A companhia também atua nos segmentos de comercialização e transmissão de energia.
ELEKTRO;EKTR3   EKTR4  ;Mid Cap;Utilidade Pública;
ELETROBRAS;ELET3   ELET5   ELET6  ;Big Cap;Utilidade Pública;A Eletrobras, Centrais Elétricas Brasileiras S.A., é a maior companhia brasileira do setor elétrico. Criada pela Lei nº 3.890-A, de 1962, a Eletrobras tem capacidade geradora equivalente a cerca de 1/3 do total da capacidade instalada de produção de energia elétrica no Brasil. Controlada pelo Governo Federal, suas ações (ELET3, ELET5 e ELET6) são negociadas no Brasil, Estados Unidos e Espanha.?? Cerca de 89% da malha de linhas de transmissão de energia do Brasil são linhas corporativas do sistema Eletrobras. Mais de 90% da capacidade instalada da companhia é oriunda de fontes com baixa emissão de gases de efeito estufa.
ELETROMIDIA;ELMD3  ;Small Cap;Comunicações;A Eletromidia é a maior companhia de painéis de publicidade do país, sendo que, em setembro de 2020, por volta de cerca 22 milhões de pessoas eram expostas diariamente às telas da empresa, em 18 Estados.
EMAE;EMAE3   EMAE4  ;Small Cap;Utilidade Pública;
EMBRAER;EMBR3  ;Mid Cap;Bens Industriais;A Embraer foi criada pelo Governo Federal, em 1969, como Empresa Brasileira de Aeronáutica, empresa de capital misto e controle estatal. Privatizada em 1994, a companhia tornou-se a maior exportadora de produtos manufaturados de alta tecnologia do hemisfério sul e a terceira maior fabricante de jatos comerciais de até 150 lugares do mundo.
ENAUTA PART;ENAT3  ;Small Cap;Petróleo. Gás e Biocombustíveis;A Enauta Participações S.A. é uma empresa de exploração de petróleo. Ela é a antiga QGEP Participações S.A., que sofreu alteração de nome em março de 2019. A empresa controla a Enauta Energia, antiga Queiroz Galvão Exploração e Produção S.A..
ENERGIAS BR;ENBR3  ;Mid Cap;Utilidade Pública;A EDP Energias do Brasil é uma holding brasileira do setor elétrico. Detém investimentos nos segmentos de Geração, Distribuição, Comercialização, Transmissão e Serviços de Energia Elétrica. A companhia tem 2,9 GW de capacidade instalada, distribui 25 TWh de energia e atende a mais de 3,4 milhões de pessoas. Em distribuição, tem quatro projetos em construção e um em operação, totalizando 1.441 km.
ENEVA;ENEV3  ;Mid Cap;Utilidade Pública;A Eneva é uma empresa de energia. Ela possui negócios complementares em geração de energia elétrica, exploração e produção de hidrocarbonetos no Brasil. A companhia conta com um parque térmico com 2,7 GW de capacidade contratada, o que equivale a 11% da capacidade térmica a gás do Brasil.
ENERGISA;ENGI11   ENGI3   ENGI4  ;Mid Cap;Utilidade Pública;A Energisa atua na distribuição, transmissão, comercialização de energia, prestação de serviços e desenvolvimento de estudos de geração de energia. Fundada em 1905 como Companhia Força e Luz Cataguazes-Leopoldina, tornou-se holding do Grupo Energisa em 2008. Tem capital aberto e ações negociadas na B3: ordinárias (ENGI3), preferenciais (ENGI4) e Units, compostos por uma ação ordinária e quatro ações preferenciais (ENGI11). É controlada pela Gipar, pertencente à Família Botelho, fundadora da companhia. Com uma trajetória centenária, a Energisa responde por 11 concessões de distribuição de energia em todas as regiões do País. Controla ainda quatro empresas de transmissão e seis empresas de serviços com sedes em Minas Gerais e Rio de Janeiro e atuação em todo o Brasil.
ENJOEI;ENJU3  ;Nano Cap;Tecnologia da Informação;A startup Enjoei nasceu em 2009 como um blog, pelo qual eram vendidas roupas usadas a amigos, num modelo de brechó virtual.
ENERGISA MT;ENMT3   ENMT4  ;Mid Cap;Utilidade Pública;
EQUATORIAL ENERGIA;EQTL3  ;Big Cap;Utilidade Pública;O Grupo Equatorial Energia atua no setor elétrico, nos segmentos de distribuição, transmissão, geração, comercialização e também na área de telecomunicações e serviços. As empresas que fazem parte do Grupo são a Cemar, Celpa, Equatorial Piauí, Equatorial Alagoas, Geramar, Equatorial Transmissão, Intesa, Equatorial Telecom, Sol Energia e 55 Soluções.
ESPACOLASER;ESPA3  ;Micro Cap;Consumo Cíclico;A MPM Corpóreos é dona da rede de clínicas de depilação Espaçolaser. Fundada há 16 anos, a companhia destaca que, ao longo de sua trajetória, conquistou uma base de 3,6 milhões de clientes.
ESTRELA;ESTR3   ESTR4  ;Nano Cap;Consumo Cíclico;
ETERNIT;ETER3  ;Micro Cap;Bens Industriais;A Eternit S.A. é uma empresa que atua no segmento materiais de construção. Ela opera com foco em coberturas de fibrocimento e telhas de concreto. Também realiza atividades nas áreas de mineração do crisotila, louças e metais sanitários, soluções construtivas, entre outros produtos.
EUCATEX;EUCA3   EUCA4  ;Micro Cap;Materiais Básicos;A Eucatex S.A Indústria é uma fabricante de chapas de madeira, painéis de MDP e produtos derivados. Com uma uma linha de produção integrada, ela ainda fabrica tintas e vernizes para consumo próprio e comercialização. Os principais segmentos de atuação da Companhia são a indústria moveleira e a construção civil. Cada segmento representa 41% e 40%, respectivamente, do faturamento da Eucatex. Em 2019, a empresa detinha 47% do mercado nacional de chapas de fibra de madeira.
EVEN;EVEN3  ;Micro Cap;Consumo Cíclico;A Even Construtora e Incorporadora S.A. é uma empresa que atua com construção e incorporação imobiliária. Ela opera principalmente nas regiões de São Paulo, Rio de Janeiro, Belo Horizonte e Porto Alegre. Sua atuação é tanto com empreendimento comerciais como residenciais.
EZTEC;EZTC3  ;Small Cap;Consumo Cíclico;A Ez Tec é uma empresa de capital aberto do setor de incorporação e construção no Brasil. Atua com um modelo de negócio integrado e já lançou mais de 130 empreendimentos. Os negócios da empresa abrangem tanto edifícios residenciais quanto comerciais.
FERBASA;FESA3   FESA4  ;Small Cap;Materiais Básicos;"A Ferbasa (Cia Ferro Ligas da Bahia) exerce atividades nas áreas de mineração, metalurgia, geração de energia elétrica renovável e produção florestal. Com a verticalização de suas operações, a Ferbasa possui aproximadamente 95% das reservas de cromita (matéria-prima do ferrocromo) do Brasil. Ela conta também com uma planta voltada à produção de cal virgem e mais quatro minas de quartzo. Sua planta metalúrgica possui 14 fornos de redução. Os produtos da empresa abarcam quatro categorias principais de ferroligas. As ligas de ferrocromo, que se subdividem em alto e baixo carbono; e o ferrossilício, que se subdivide nas categorias cromo e 75% de pureza."
INVEST BEMGE;FIGE3   FIGE4  ;Nano Cap;Outros;
UNIFIQUE;FIQE3  ;Small Cap;Comunicações;
FLEURY;FLRY3  ;Mid Cap;Saúde;O Grupo Fleury é um ecossistema integrado e preventivo de saúde, que nasceu como um laboratório de análises clínicas e evoluiu para uma oferta médica completa em suas unidades de atendimento e operações B2B. Oferece uma das mais completas soluções em medicina diagnóstica do Brasil, por meio da coordenação do atendimento centrado no indivíduo e capacidade de inovação e tecnologia.
FRAS-LE;FRAS3  ;Small Cap;Bens Industriais;A Fras-le é uma fabricante de autopeças para veículos comerciais. Ela atende os segmentos de montadoras e reposição. Atua no desenvolvimento, produção e comercialização de materiais de fricção para aplicação em sistemas de frenagem. Também produz outros componentes para os sistemas de freio, além de componentes para transmissão e motores.
METALFRIO;FRIO3  ;Nano Cap;Bens Industriais;
POMIFRUTAS;FRTA3  ;Nano Cap;Consumo não Cíclico;
GER PARANAPANEMA;GEPA3   GEPA4  ;Small Cap;Utilidade Pública;A Rio Paranapanema Energia S/A é uma empresa de geração de energia elétrica. Ela opera e administra 10 usinas hidrelétricas. Oito delas estão ao longo do rio Paranapanema, entre os estados de São Paulo e Paraná. Também opera duas pequenas centrais hidrelétricas localizadas no Rio Sapucaí-Mirim, em São Paulo. As operações contam com 2.274 megawatts (MW) de capacidade total instalada. O Contrato de Concessão 76/99 regula a concessão das usinas hidrelétricas Jurumirim, Chavantes, Salto Grande, Capivara, Taquaruçu e Rosana, pelo período de 30 anos, encerrando-se em 2029. O segundo contrato de concessão regula as hidrelétricas Canoas I e Canoas II. Estas são compartilhadas por meio do consórcio com a empresa CBA, com prazo de 35 anos, que se encerra em 2033.
GAFISA;GFSA3  ;Micro Cap;Consumo Cíclico;A Gafisa S.A. é uma empresa de construção civil e desenvolvimento imobiliário com atuação em empreendimentos residenciais e comerciais. Seu foco é nos segmentos de média e alta classe no Brasil. A atuação da empresa é concentrada nas regiões metropolitanas das capitais de São Paulo e Rio de Janeiro.
GERDAU;GGBR3   GGBR4  ;Big Cap;Materiais Básicos;A Gerdau é uma das maiores empresas brasileiras produtoras de aço e uma das principais fornecedoras de aços longos nas Américas e de aços especiais no mundo. No Brasil, também produz aços planos e minério de ferro. Possui operações nas Américas, Europa e Ásia, embora, em 2018, tenha vendido operações no Chile, Índia e EUA. Anualmente, também transforma milhões de toneladas de sucata em aço, sendo uma das maiores recicladoras de aço da América Latina.
GRUPOS GPS;GGPS3  ;Mid Cap;Bens Industriais;
GRUPO MATEUS;GMAT3  ;Mid Cap;Consumo não Cíclico;O Grupo Mateus é o quarto maior atacarejo do País, com 137 lojas no Maranhão, Pará e Piauí. Ilson Mateus construiu a rede que hoje emprega mais de 20 mil pessoas do zero, começando com uma pequena mercearia.
GERDAU MET;GOAU3   GOAU4  ;Mid Cap;Materiais Básicos;A Metalúrgica Gerdau é uma holding que controla a Gerdau S.A. A Indac, o Grupo Gerdau Empreendimentos e a Família Gerdau tê, juntos, mais de 77% das ações ordinárias da empresa (GOAU3) e mais de 32% das ações preferenciais (GOAU4). Em 2018, os membros da quinta geração da Família Gerdau passaram a dedicar-se ao Conselho de Administração da companhia. No novo modelo de governança, os principais focos do Conselho seguem sendo a definição de estratégias de médio e longo prazos.
GOL;GOLL3   GOLL4  ;Small Cap;Bens Industriais;A GOL Linhas Aéreas Inteligentes S.A. é uma empresa aérea brasileira. Além do transporte de passageiros, ela é dona da Smiles, gestora de multifidelização. Ela também controla a GAC Inc., de logística, e duas unidade financeiras: GOL Finance e GOL Finance Cayman. O primeiro voo da GOL ocorreu em janeiro de 2001, no mesmo ano a empresa lançou a Gollog, de transporte. Em 2003 foi lançado o web check-in.
CELGPAR;GPAR3  ;Small Cap;Utilidade Pública;
GRENDENE;GRND3  ;Mid Cap;Consumo Cíclico;A Grendene é uma fabricante de calçados, tanto para o público feminino, como masculino e infantil. A companhia é detentora de marcas como Melissa, Grendha, Zaxy, Rider, Cartago, Ipanema, Pega Forte, Grendene Kids e Zizou. Atua também através de licenciamentos de celebridades e personagens do universo infanto-juvenil.
GENERAL SHOPPING;GSHP3  ;Nano Cap;Financeiro;A General Shopping e Outlets do Brasil S.A é uma empresa que opera e administra shopping centers e outlets. Ela possui participação em 15 empreendimentos pelo país e também possui um outlet em construção.
GUARARAPES;GUAR3  ;Small Cap;Consumo Cíclico;A Guararapes Confecções S/A possui seis fábricas de roupas e tecidos na região Nordeste. Dona da rede Riachuelo de lojas de departamento de vestuário, direciona 100% da sua produção para as mais de 300 unidades da rede. O grupo Guararapes adota o modelo integrado entre indústria (Guararapes), varejo (Riachuelo), logística e transporte (Transportadora Casa Verde) e financeiro (Banco Midway).
HAGA S/A;HAGA3   HAGA4  ;Nano Cap;Bens Industriais;
HAPVIDA;HAPV3  ;Mid Cap;Saúde;O Grupo Hapvida controla o Hapvida Saúde, maior operador de planos de saúde do norte e nordeste e o terceiro maior do País em beneficiários. Adota o modelo verticalizado, com foco em inovação e tecnologia, voltado para a medicina preventiva e odontologia.
HELBOR;HBOR3  ;Micro Cap;Consumo Cíclico;A Helbor Empreendimentos S.A. é uma empresa de incorporação imobiliária brasileira. Presente em 10 estados, ela atua com foco em empreendimentos residenciais para todas as classes. Também realiza incorporação de empreendimentos do segmento comercial, hoteleiro e de loteamentos com desenvolvimento urbano. A empresa já entregou mais de 36 mil unidades ao longo de sua história.
HBR REALTY;HBRE3  ;Micro Cap;Financeiro;A HBR Realty é uma empresa focada no desenvolvimento de propriedades urbanas e foi fundada por Henrique Borenstein, o mesmo fundador da Helbor. As duas companhias são controladas pela holding Hélio Borenstein S.A..
HIDROVIAS DO BRASIL;HBSA3  ;Small Cap;Bens Industriais;A Hidrovias do Brasil é uma das maiores companhias prestadoras de serviços de logística integrada independente com foco em logística hidroviária da América Latina.
HABITASUL;HBTS3   HBTS5   HBTS6  ;Nano Cap;Financeiro;
HERCULES;HETA3   HETA4  ;Nano Cap;Consumo Cíclico;
HOTEIS OTHON;HOOT3   HOOT4  ;Nano Cap;Consumo Cíclico;
HYPERA PHARMA;HYPE3  ;Big Cap;Saúde;A Hypera Farma é uma empresa do ramo farmacêutico, com foco no mercado de varejo. Ela trabalha em três grandes áreas de negócios: produtos de prescrição médica, medicamentos isentos de prescrição, além da área de similares e genéricos. Em 2018 a empresa cresceu 6,4% em relação ao ano anterior, com faturamento líquido de R$ 3,7 bilhões.
INFRACOMMERCE;IFCM3  ;Micro Cap;Tecnologia da Informação;A Infracommerce é uma companhia de soluções digitais focada no negócio de e-commerce para o consumidor final pessoa física ou outras empresas na América Latina.
GRADIENTE;IGBR3  ;Nano Cap;Financeiro;A IGB Eletrônica S/A, anteriormente designada Gradiente, é uma empresa fabricante de eletrônicos. A empresa trabalha com um portfólio focado em equipamentos de som. Em julho de 2019 a empresa também anunciou que pretende produzir inversores de energia solar.
IGUATEMI S-A;IGTI11   IGTI3   IGTI4  ;Mid Cap;Financeiro;
INEPAR;INEP3   INEP4  ;Nano Cap;Bens Industriais;
INTELBRAS;INTB3  ;Mid Cap;Tecnologia da Informação;A Intelbras foi fundada em 1976, em Santa Catarina, quando iniciou as atividades com a fabricação de centrais e aparelhos eletrônicos.
IRB BRASIL;IRBR3  ;Small Cap;Financeiro;O IRB Brasil RE é uma empresa especializada em resseguro. Em termos gerais, a empresa assume o compromisso de indenizar outras seguradoras por prejuízos que possam ocorrer em decorrência de suas apólices. Em troca recebe parte dos prêmios.
ITAUSA;ITSA3   ITSA4  ;Big Cap;Financeiro;A Itaúsa – Investimentos Itaú S.A – é uma holding pura de capital aberto. Ela é responsável por todas as decisões financeiras e estratégias do conglomerado, que abarca 10 empresas. As principais companhias investidas pela Itaúsa são, no segmento financeiro, Itaú Unibanco Holding S.A. e suas controladas Banco Itaú e Banco Itaú BBA. No setor não financeiro se destacam Duratex, Alpargatas, NTS e Itautec. Listada no mercado à vista da B3 com ações preferenciais (ITSA4) e ordinárias (ITSA3), a Itaúsa também está no mercado fracionado (ITSA4F e ITSA3F).
ITAU UNIBANCO;ITUB3   ITUB4  ;Mega Cap;Financeiro;O Itaú Unibanco é o maior banco do Brasil, segundo informações do Banco Central. Em julho de 2019 o valor de mercado da empresa era de US$ 92,4 bilhões, segundo levantamento da Economatica. Listado na B3 com ações preferenciais (ITUB4) e ordinárias (ITUB3), o Itaú Unibanco também está no mercado fracionado (ITUB4F e ITUB3F). Com uma história de 95 anos, o Itaú Unibanco possui quase 100 mil colaboradores e cerca de 4.700 agências. A empresa teve início com o a Casa Moreira Salles, fundada em 1924, que mais tarde se tornou o Unibanco. Em 1943 houve a fundação do Banco Itaú.
JALLES MACHADO;JALL3  ;Small Cap;Consumo não Cíclico;A Jalles Machado é uma empresa de açúcar e etanol, com capacidade de moagem de cerca de 5,3 milhões de toneladas por ano. Ela se destaca por ser a a maior exportadora de açúcar orgânico do mundo, com margens mais elevadas que o açúcar comum, segmento que teve crescimento de 15% ao ano nos últimos três anos. Entre os seus clientes, está rede americana de supermercados Costco.
B TECH EQI;BLUT3   BLUT4  ;Nano Cap;Outros;
JBS;JBSS3  ;Big Cap;Consumo não Cíclico;A JBS é uma companhia que opera no processamento de carne bovina, suína, ovina e de frango. Também atua na produção de alimentos de conveniência e valor agregado. Além disso, comercializa produtos de couro, higiene e limpeza, colágeno, embalagens metálicas, biodiesel, entre outros.
JOAO FORTES;JFEN3  ;Nano Cap;Consumo Cíclico;
JHSF;JHSF3  ;Small Cap;Consumo Cíclico;A JHSF é uma empresa do setor imobiliário de alta renda. Sua atuação se dá com atividades em desenvolvimento e administração de projetos. Ela está nos setores de Renda Recorrente, Hotéis e Restaurantes, Incorporação, e Aeroporto Executivo, este último em fase pré-operacional em 2019.
JOSAPAR;JOPA3   JOPA4  ;Micro Cap;Consumo não Cíclico;
JSL;JSLG3  ;Small Cap;Bens Industriais;
KEPLER WEBER;KEPL3  ;Small Cap;Bens Industriais;
KLABIN S/A;KLBN11   KLBN3   KLBN4  ;Mid Cap;Materiais Básicos;A Klabin é uma empresa produtora e exportadora de papéis. Com mais de 130 anos de história, ela teve início em 1889, com a chegada ao Brasil de Maurício Freeman Klabin. O imigrante da Lituânia criou no mesmo ano a Empreza Graphica Klabin. Em 1890 fundou a M.F. Klabin e Irmão, empresa de Tipografia e importadora de artigos de escritório. A produção de papel teve início em 1902 com o arrendamento da Fábrica de Papel Paulista. Entre 1930 e 1950 a empresa passou por uma grande expansão e supriu parte do mercado interno de papel imprensa.
KORA SAUDE;KRSA3  ;Micro Cap;Saúde;
TERRASANTAPA;LAND3  ;Small Cap;Consumo não Cíclico;
LAVVI;LAVV3  ;Small Cap;Consumo Cíclico;Subsidiária da Cyrela (CYRE3), a Lavvi atua principalmente nos segmentos de médio e alto padrão, com 100% dos empreendimentos localizados na cidade de São Paulo.
METAL LEVE;LEVE3  ;Small Cap;Consumo Cíclico;A Mahle – Metal Leve S.A. é uma empresa de autopeças. Ela atua na fabricação e comercialização de componentes de motores à combustão interna e filtros automotivos. A empresa atende diretamente montadoras de automóveis, e também está no segmento de peças para reposição.
LIGHT S/A;LIGT3  ;Micro Cap;Utilidade Pública;A Light é uma das principais empresas integradas do setor de energia elétrica do Brasil. Atua nos segmentos de geração, distribuição e comercialização de energia. Sua área de concessão abrange cerca de um quarto do território do Estado do Rio de Janeiro.
ELETROPAR;LIPR3  ;Micro Cap;Utilidade Pública;
QUERO-QUERO;LJQQ3  ;Micro Cap;Consumo Cíclico;A Quero-Quero é uma varejista de materiais de construção. Ela foi criada em 1967 no interior do Rio Grande do Sul, na cidade de Santo Cristo, inicialmente como uma pequena empresa de comércio e representações.
LE BISCUIT;LLBI3   LLBI4  ;Nano Cap;Consumo Cíclico;
VESTE;VSTE3  ;Small Cap;Consumo Cíclico;A Restoque Comércio e Confecção de Roupas S.A. é uma empresa de varejo de moda que opera no Brasil, na Itália e no Panamá. Ela é dona das marcas Le Lis Blanc, Dudalina, Rosa Chá, John John, Bo.Bô, Individual e Base. A empresa atua voltada para o segmento de alto padrão.
LOG;LOGG3  ;Small Cap;Financeiro;A Log Commercial Properties atua na construção, incorporação, comercialização e gestão de propriedades. O foco da empresa é nos segmentos de Condomínios Logísticos, Loteamentos Industriais, Shopping Centers e Strip Malls.
LOG-IN;LOGN3  ;Small Cap;Bens Industriais;A Log-In é uma empresa de logística que oferece serviços intermodais que incluem navegação costeira, terminal portuário e terminais intermodais. Seu foco é a navegação de cabotagem, complementada por ponta rodoviária.
LPS BRASIL;LPSB3  ;Micro Cap;Financeiro;A LPS Brasil – Consultoria de imóveis S.A. atua na intermediação imobiliária nos mercados primário (lançamentos) e secundário (imóveis de terceiros). Ela também atua na promoção de financiamentos imobiliários através da “CrediPronto!”. A principal fonte de receitas da empresa provém das comissões recebidas pelas intermediações.
LOJAS RENNER;LREN3  ;Mid Cap;Consumo Cíclico;A Lojas Renner S.A. é uma varejista brasileira do mercado de moda e utilidades domésticas. Atua com três marcas, sendo uma delas a própria Renner, de moda em geral. Outra marca da companhia é a Camicado, voltada para casa e decoração. A terceira é a Yucon, especializada em moda jovem.
LUPATECH;LUPA3  ;Nano Cap;Petróleo. Gás e Biocombustíveis;A Lupatech S.A. é uma empresa fabricante de peças para a indústria de petróleo e gás, bem como de etanol e biodiesel. Ela ainda atua como prestadora de serviços em campos e poços de petróleo.
TREVISA;LUXM3   LUXM4  ;Micro Cap;Bens Industriais;
LIVETECH;LVTC3  ;Micro Cap;Tecnologia da Informação;
LOCAWEB;LWSA3  ;Small Cap;Tecnologia da Informação;A Locaweb é a primeira empresa de hospedagem de sites do Brasil. Fundada em 1998 por Gilberto Mautner e Claudio Gora, ela foi criada pouco antes do auge da bolha das pontocom, mas mesmo assim conseguiu passar praticamente sem problemas por este período negativo para o setor.
CEMEPE;MAPT3   MAPT4  ;Nano Cap;Outros;
MATER DEI;MATD3  ;Small Cap;Saúde;A companhia é líder em Minas Gerais em serviços hospitalares e oncológicos.
MOBLY;MBLY3  ;Micro Cap;Tecnologia da Informação;"A Mobly se destaca como o aplicativo de comércio com maior número de downloads em Home; Living nas plataformas de downloads de aplicativos App Store e Google Play, com uma base de mais de 300 mil usuários ativos (considerados como usuários que acessaram o aplicativo nos últimos 30 dias) e uma base instalada de mais de 360 mil, com base em dados de 31 de outubro de 2020."
MDIASBRANCO;MDIA3  ;Mid Cap;Consumo não Cíclico;A M. Dias Branco S.A. Indústria e Comércio de Alimentos é uma empresa da indústria de alimentos. Ela é dona de 11 marcas, entre elas Adria, Vitarella, Piraquê, Finna, e Bonsabor. O portfólio de produtos inclui biscoitos, massas, farinhas e farelo de trigo. Também atua com misturas para bolos, margarinas e cremes vegetais, bolos prontos, snacks de milho e de trigo. Ela ainda produz torradas, biscoitos de chocolate, bits de cereais e refresco em pó.
MOURA DUBEUX;MDNE3  ;Micro Cap;Consumo Cíclico;A Moura Dubeux é uma construtora e incorporadora com foco no Nordeste, atuando há mais de 30 anos na região. Com sede em Recife (Pernambuco), a companhia também atua nos estados de Alagoas, Bahia, Rio Grande do Norte e Ceará.
IMC HOLDINGS;MEAL3  ;Micro Cap;Consumo Cíclico;
OMEGA ENERGIA;MEGA3  ;Mid Cap;Utilidade Pública;
MELNICK;MELK3  ;Micro Cap;Consumo Cíclico;A Melnick Even, subsidiária da construtora Even, é uma das maiores empresas imobiliárias de Porto Alegre (RS), com 50 anos de atuação, com foco na realização de projetos residenciais de médio e alto padrão, além de salas comerciais.
MERC FINANC;MERC3   MERC4  ;Micro Cap;Financeiro;
MANGELS INDL;MGEL3   MGEL4  ;Nano Cap;Materiais Básicos;
MAGAZINE LUIZA;MGLU3  ;Mid Cap;Consumo Cíclico;O Magazine Luiza é uma empresa de varejo que atua com lojas físicas e no e-commerce. Atualmente a companhia possui 900 lojas físicas. O marketplace da marca reúne mais de 8 mil sellers. A empresa também é dona das plataformas Netshoes, Zattini e Shoestock.
MILLS;MILS3  ;Small Cap;Bens Industriais;
MULTILASER;MLAS3  ;Small Cap;Tecnologia da Informação;A Multi é uma empresa com mais de 35 anos com fábricas em Minas Gerais, Manaus e um laboratório de engenharia na China. Ela fatura mais de R$ 6 bilhões por ano.
MINASMAQUINA;MMAQ3   MMAQ4  ;Nano Cap;Bens Industriais;
MUNDIAL;MNDL3  ;Nano Cap;Consumo Cíclico;A Mundial SA Produtos de Consumo é uma empresa que fabrica utensílios para o lar e para uso pessoal. A empresa é dona das marcas Mundial, Hercules, Mundial Creative, Eberle, Impala e Syllent. Seu portfólio inclui produtos como alicates, tesouras, cortadores, pinças e esmaltes e artigos para cuidados pessoais. Também produz facas, talheres, utensílios domésticos, botões e acessórios para a moda. Fabrica também bombas d’água silenciosas.
MINUPAR;MNPR3  ;Nano Cap;Consumo não Cíclico;
MONT ARANHA;MOAR3  ;Mid Cap;Financeiro;
BANCO MODAL;MODL3  ;Small Cap;Financeiro;
MOVIDA;MOVI3  ;Small Cap;Consumo Cíclico;A Movida é uma empresa brasileira de locação de veículos. Ela possui uma frota total de 92,9 mil carros em 186 pontos de atendimento. Também conta com uma rede de venda de seminovos com 64 pontos e possui um segmento de terceirização de frotas.
MARFRIG;MRFG3  ;Small Cap;Consumo não Cíclico;A Marfrig Global Foods S.A. é uma multinacional do setor de alimentos, especializada em carne bovina. Atua nos segmentos de foodservice, varejo e processamento. A Marfrig é a segunda maior produtora de carne do mundo e está sediada na cidade de São Paulo (SP).
MRV ENGENHARIA;MRVE3  ;Small Cap;Consumo Cíclico;A MRV Engenharia e Participações S.A. é uma construtora e incorporadora brasileira. Seu foco de atuação é no mercado de empreendimentos residenciais populares, primordialmente obras do programa Minha Casa, Minha Vida.
MELHOR SP;MSPA3   MSPA4  ;Micro Cap;Materiais Básicos;
MITRE REALTY;MTRE3  ;Micro Cap;Consumo Cíclico;A Mitre é uma construtora e incorporadora com foco nos segmentos de média e alta renda em São Paulo, com apartamentos de dois e três dormitórios nos bairros de Brooklin, Butantã, Freguesia do Ó, Pinheiros, Vila Mariana, Vila Prudente, Santana e outros.
METISA;MTSA3   MTSA4  ;Micro Cap;Bens Industriais;
MULTIPLAN;MULT3  ;Mid Cap;Financeiro;A Multiplan é uma empresa imobiliária full-service, que executa o planejamento, desenvolvimento, e administração, com foco em shoppings centers no Brasil. Até junho de 2019 a empresa detinha 19 shopping centers e dois conjuntos de torres comerciais. A Área Bruta Locável (ABL) total administrada é de quase 1 milhão de metros quadrados.
WETZEL S/A;MWET3   MWET4  ;Nano Cap;Bens Industriais;
IOCHPE MAXION;MYPK3  ;Small Cap;Consumo Cíclico;A Iochpe-Maxion é uma empresa que atua na produção de componentes automotivos. Ela fabrica componentes estruturais e rodas para veículos leves, comerciais e máquinas agrícolas. Também possui 37,75% de participação societária na Amsted-Maxion, que fabrica vagões, rodas, fundidos ferroviários e industriais.
NEOENERGIA;NEOE3  ;Mid Cap;Utilidade Pública;A Neoenergia é uma empresa que atua com geração, distribuição, transmissão e comercialização de energia elétrica. É a segunda maior do setor no país. Ela atende 13,9 milhões de unidades consumidoras, atuando em 18 estados. A empresa é controlada pelo grupo espanhol Iberdrola.
NEXPE;NEXP3  ;Nano Cap;Financeiro;
NEOGRID;NGRD3  ;Micro Cap;Tecnologia da Informação;Fundada em 1999, a Neogrid é uma empresa de “software as a service” (SaaS), dados e tecnologia da cadeia de suprimentos, conectando indústrias, distribuidores e varejistas.
GETNINJAS;NINJ3  ;Nano Cap;Tecnologia da Informação;Criada em 2011, a GetNinjas é uma plataforma disponível em plataformas móveis e digitais, presente em todos os Estados do Brasil e que conecta digitalmente profissionais de variadas áreas, pessoas físicas ou jurídicas, a potenciais clientes.
NORDON MET;NORD3  ;Nano Cap;Bens Industriais;
NORTCQUIMICA;NRTQ3  ;Nano Cap;Saúde;
NATURA;NTCO3  ;Mid Cap;Consumo não Cíclico;A Natura Cosméticos S.A. é uma empresa brasileira que atua com produtos de beleza e de higiene. A marca se destaca pela atuação ambiental, pois prioriza o uso de matérias-primas naturais e promove programas de comércio justo com cooperativas da Amazônia. Foi pioneira ao introduzir embalagens com refis.
NUTRIPLANT;NUTR3  ;Nano Cap;Materiais Básicos;
ODERICH;ODER3   ODER4  ;Micro Cap;Consumo não Cíclico;
ODONTOPREV;ODPV3  ;Mid Cap;Saúde;A OdontoPrev é uma empresa de planos odontológicos. Ela é a maior operadora de saúde do Brasil em número de beneficiários, com 7 milhões de clientes. A rede especializada da empresa possui cerca de 30 mil credenciados.
OUROFINO S-A;OFSA3  ;Small Cap;Saúde;A Ourofino Saúde Animal Participações S.A. é uma empresa de saúde animal. Ela atua na fabricação e comercialização de produtos médicos veterinários. Sua gama de produtos atende animais de produção, como aves, bovinos e suínos. Também possui linhas para equinos e animais de companhia (pets).
OI;OIBR3   OIBR4  ;Micro Cap;Comunicações;
ONCOCLINICAS;ONCO3  ;Small Cap;Saúde;
OCEANPACT;OPCT3  ;Micro Cap;Petróleo. Gás e Biocombustíveis;A OceanPact é uma empresa que presta serviços ambientais e logísticos marinhos e submarinos como estudos, proteção e monitoramento para uso sustentável do mar. Ela conta com 1.800 colaboradores e 24 embarcações offshore.
ORIZON;ORVR3  ;Small Cap;Utilidade Pública;A Orizon é uma companhia companhia fluminense de tratamento de resíduos ambientais e geração de biogás.
OSX BRASIL;OSXB3  ;Nano Cap;Petróleo. Gás e Biocombustíveis;A OSX Brasil S.A. é uma companhia brasileira, de capital aberto. Ela atuava originalmente no fornecimento de equipamentos e serviços para a indústria offshore de Petróleo e Gás Natural. Em 2019 ela apenas explora economicamente a área de seu estaleiro, localizado no Superporto do Açu, no Rio de Janeiro.
PANATLANTICA;PATI3   PATI4  ;Small Cap;Materiais Básicos;
PAO DE ACUCAR;PCAR3  ;Small Cap;Consumo não Cíclico;O Grupo Pão de Açúcar é um grupo brasileiro que atua no comércio, tanto no varejo quanto no atacado. Atualmente ele é parte do Grupo Casino. A estrutura de negócios está dividida em cinco unidades: Multivarejo, Compre Bem, Assaí Atacadista, GPA Malls e Multibenefícios.
PDG REALTY;PDGR3  ;Nano Cap;Consumo Cíclico;A PDG Realty S.A. é uma incorporadora e construtora que opera principalmente com empreendimentos residenciais. Ela desenvolve loteamentos e também investe em empreendimentos comerciais, com objetivo de gerar renda, por meio de locação.
PADTEC;PDTC3  ;Nano Cap;Tecnologia da Informação;
PAR AL BAHIA;PEAB3   PEAB4  ;Micro Cap;Financeiro;
PETROBRAS;PETR3   PETR4  ;Mega Cap;Petróleo. Gás e Biocombustíveis;Durante quatro décadas, desde a sua criação, em 1953, a Petrobras monopolizou pesquisa, refino e transporte de petróleo no Brasil. Em 1997, perdeu essa condição quando a Lei 9.478 permitiu que outras empresas com sede no Brasil passassem a atuar em todas as etapas da cadeia do petróleo. Mesmo assim, a Petrobras ainda mantém controle majoritário na cadeia produtiva de combustíveis, e é uma das mais importantes empresas do setor de energia do mundo, especializada na produção de petróleo em águas profundas e ultraprofundas.
PETZ;PETZ3  ;Small Cap;Consumo Cíclico;A Petz é uma das maiores redes de pet shop do Brasil e foi fundada em 2002 pelo empresário Sergio Zimerman. Hoje, a companhia opera em 13 estados e no Distrito Federal com 110 lojas.
PROFARMA;PFRM3  ;Micro Cap;Saúde;
PAGUE MENOS;PGMN3  ;Small Cap;Saúde;A rede de farmácias Pague Menos é a terceira maior do Brasil em número de lojas, de acordo com dados da Associação Brasileira de Redes de Farmácias e Drogarias (ABRAFARMA). A empresa foi criada no Ceará em 1981 e está presente em todos os Estados brasileiros e no Distrito Federal, contando com mais de 1.100 lojas, 820 unidades do Clinic Farma e mais de 20 mil colaboradores que atuam em 327 municípios.
BANCO PINE;PINE3   PINE4  ;Nano Cap;Financeiro;
PLASCAR;PLAS3  ;Nano Cap;Consumo Cíclico;
PLANO PLANO;PLPL3  ;Small Cap;Consumo Cíclico;A Plano Plano é uma incorporadora subsidiária da Cyrela criada na década de 1990 voltada para imóveis de baixa renda. A companhia está presente em 17 cidades nos Estados de São Paulo, Maranhão e Rio Grande do Norte.
PARANAPANEMA;PMAM3  ;Nano Cap;Materiais Básicos;"A Paranapanema S.A. é uma das maiores produtoras de cobre do país. Atua no refinamento e na produção de semimanufaturados; vergalhões, fios trefilados, laminados, barras, tubos, conexões e suas ligas."
DIMED;PNVL3  ;Small Cap;Saúde;O grupo Dimed atua no setor de saúde. Ele é formado pela rede de farmácias Panvel, pela distribuidora de medicamentos Dimed e pelo laboratório Lifar. O grupo possui atuação focalizada na região sul do Brasil.
MARCOPOLO;POMO3   POMO4  ;Small Cap;Bens Industriais;
WILSON SONS;PORT3  ;Small Cap;Bens Industriais;
POSITIVO TECNOLOGIA;POSI3  ;Small Cap;Tecnologia da Informação;A Positivo Tecnologia é uma fabricante de computadores e celulares do Brasil. Também produz e fornece softwares de tecnologia educacional. A empresa responde por 17,1% do total de computadores vendidos no país em 2017. A estratégia de produção é focada nas classes B e C.
POLPAR;PPAR3  ;Nano Cap;Outros;
PPLA;PPLA11  ;Nano Cap;Financeiro;
PETRORIO;PRIO3  ;Big Cap;Petróleo. Gás e Biocombustíveis;A PetroRio S.A. é uma empresa especializada na gestão de reservatórios de petróleo e no redesenvolvimento de campos maduros. Atua com foco no investimento e na recuperação de ativos em produção. A empresa desenvolve o Campo de Polvo e Campo de Frade, ambos no litoral do Rio de Janeiro. Também está presente no Campo de Manati, no litoral da Bahia, e na Bacia da Foz do Amazonas.
PRINER;PRNR3  ;Micro Cap;Bens Industriais;A Priner atua no segmento de serviços e manutenção industrial para negócios de óleo e gás, mineração, papel e celulose, petroquímica, siderurgia e também para o setor naval.
PORTO SEGURO;PSSA3  ;Mid Cap;Financeiro;A Porto Seguro é uma empresa do ramo financeiro com foco em seguros patrimoniais e de automóveis. Ela também atua com produtos financeiros e outras linhas de seguros, além de serviços. A Porto Seguro possui cerca de 10 milhões de clientes. Em 2018 o lucro líquido foi de R$ 1,3 bilhão.
PORTOBELLO;PTBL3  ;Micro Cap;Bens Industriais;
PRATICA;PTCA3  ;Nano Cap;Bens Industriais;
PETTENATI;PTNT3   PTNT4  ;Micro Cap;Consumo Cíclico;
QUALICORP;QUAL3  ;Small Cap;Saúde;A Qualicorp Consultoria e Corretora de Seguros S.A. é uma empresa que atua no ramo de planos de saúde. Ela realiza a administração, gestão e vendas de planos empresariais e coletivos por adesão. Também presta serviços em saúde, atendendo mais de 2,5 milhões de Beneficiários.
QUALITY SOFT;QUSW3  ;Nano Cap;Tecnologia da Informação;
RAIADROGASIL;RADL3  ;Big Cap;Saúde;A Raia Drogasil (RD) é uma empresa de varejo especializada em drogarias. Foi criada em 2011, a partir da fusão entre Raia e Drogasil A companhia trabalha não apenas com a rede de farmácias, mas também serviços e marcas exclusivas. Os pilares do negócio são as farmácias que totalizam 196 anos de história. Com mais de 1.800 lojas, possui plataformas próprias de vendas, atendendo 97% do mercado consumidor farmacêutico brasileiro. Na área e serviços, possui a 4Bio Medicamentos Especiais e Univers, plataforma de gestão de saúde. Entre as marcas exclusivas da rede, está a Needs, B-Well, Triss, Caretech, Nutrigood e Le Pop.
RUMO LOG;RAIL3  ;Big Cap;Bens Industriais;A Rumo S.A. é uma empresa de serviços logísticos de transporte ferroviário, elevação portuária e armazenagem. Ela foi criada em 2016, resultado da fusão entre Rumo Logística e ALL – América Latina Logística.
RAIZEN;RAIZ4  ;Small Cap;Consumo não Cíclico;Fruto da joint venture entre a Cosan e a holandesa Shell, a Raízen está entre as maiores produtoras de cana de açúcar e etanol do mundo.
CELUL IRANI;RANI3  ;Small Cap;Materiais Básicos;A Celulose Irani S.A. é uma empresa que fabrica papel para embalagem, caixas e chapas de papelão ondulado e resinas. Atua de maneira integrada, desde a área florestal, passando pela fabricação de papel e embalagens. Também fabrica resinas para a produção de tintas, vernizes, adesivos, esmaltes, perfumes, entre outros produtos.
RANDON PART;RAPT3   RAPT4  ;Small Cap;Bens Industriais;
RECRUSUL;RCSL3   RCSL4  ;Nano Cap;Bens Industriais;
RODOBENS;RDNI3  ;Micro Cap;Consumo Cíclico;A RNI Negócios Imobiliários, antiga Rodobens Negócios Imobiliários, é uma incorporadora imobiliária. Já lançou 172 empreendimentos residenciais em 55 cidades de 12 estados brasileiros. A empresa é parte do grupo Empresas Rodobens, que atua nos segmentos de varejo automotivo, serviços financeiros e imobiliários.
REDE DOR;RDOR3  ;Big Cap;Saúde;Fundado pelo cardiologista Jorge Moll Filho, a Rede D’Or é dona da maior rede independente de hospitais privados do Brasil, com 51 unidades próprias, um sob administração e 32 projetos em desenvolvimento distribuídos nos Estados de São Paulo, Rio de Janeiro, Pernambuco, Bahia, Sergipe, Maranhão, Paraná e Ceará e no Distrito Federal.
PETRORECONCAVO;RECV3  ;Mid Cap;Petróleo. Gás e Biocombustíveis;
REDE ENERGIA;REDE3  ;Mid Cap;Utilidade Pública;
LOCALIZA;RENT3  ;Big Cap;Consumo Cíclico;A Localiza Rent a Car S.A. é uma empresa de aluguel de carros que também atua com franchising, gestão de frotas e venda de seminovos.
RENOVA;RNEW11   RNEW3   RNEW4  ;Micro Cap;Utilidade Pública;
INDS ROMI;ROMI3  ;Small Cap;Bens Industriais;
ALFA HOLDING;RPAD3   RPAD5   RPAD6  ;Micro Cap;Financeiro;
MANGUINHOS;RPMG3  ;Nano Cap;Petróleo. Gás e Biocombustíveis;A Refinaria de Petróleos Manguinhos S.A. é uma empresa petroquímica brasileira. Ela possui capacidade para produzir os principais derivados do petróleo. Entre seus produtos, está gasolina comum, gás liquefeito de petróleo (GLP), diesel, óleo combustível e solventes especiais. A empresa pode processar diariamente 15 mil barris de petróleo.
3RPETROLEUM;RRRP3  ;Mid Cap;Petróleo. Gás e Biocombustíveis;A 3R Petroleum é uma companhia especializada na operação de campos maduros de petróleo e foi fundada em 2014 pelos Ricardo Savini e Daniel Soares.
ROSSI RESID;RSID3  ;Nano Cap;Consumo Cíclico;A Rossi Residencial S.A. é uma construtora e incorporadora. Ela é parte do Grupo Rossi, que atua com engenharia, construção e incorporação. A Rossi Residencial comercializa imóveis comerciais e residenciais e já entregou mais de 100 mil unidades. Está presente nas regiões nordeste, sul e sudeste do Brasil.
RIOSULENSE;RSUL3   RSUL4  ;Nano Cap;Bens Industriais;
SANTANDER BR;SANB11   SANB3   SANB4  ;Big Cap;Financeiro;O Santander Brasil é o terceiro maior banco privado do mercado nacional. Atua com foco no varejo, mas possui forte integração com o atacado. Como varejista, atende tanto a pessoas físicas com investimentos variados, como empresas com faturamento anual de até R$ 200 milhões. Sua atuação no atacado se dá como banco global. O Santander Corporate & Investment Banking atende clientes que exigem serviços personalizados ou produtos de atacado com alto valor agregado. Fundado na Espanha em 1857, o Santander chegou ao Brasil cem anos depois por meio de contrato operacional com o Banco Intercontinental do Brasil S.A. O primeiro escritório de representação no país foi aberto em 1970. A primeira agência veio em 1982.
SANEPAR;SAPR11   SAPR3   SAPR4  ;Mid Cap;Utilidade Pública;A Sanepar – Cia de Saneamento do Paraná, é uma empresa de prestação de serviços de saneamento básico.  A Companhia é responsável pela prestação de serviços de saneamento a 345 cidades paranaenses e a Porto União, em Santa Catarina, além de 297 localidades de menor porte. Em 2018 a empresa investiu cerca de R$ 1 bilhão em suas atividades. Responsável pela administração de mais de 54 mil quilômetros de tubulações utilizadas para distribuição de água potável a empresa ainda gere mais de 35 mil quilômetros de rede coletora de esgoto. Na área de resíduos sólidos, a Sanepar opera aterros sanitários em Apucarana, Cornélio Procópio e Cianorte, atendendo sete municípios. A totalidade da população nas cidades atendidas recebe água tratada, enquanto 72,5% é atendido pela coleta de esgoto. Todo o esgoto coletado é tratado. A média nacional de coleta é de 59,7% e de tratamento é de 74,9%.
GRUPO SBF;SBFG3  ;Small Cap;Consumo Cíclico;A Centauro, denominada Grupo SBF SA na B3, é uma varejista de produtos esportivos. A companhia atua através de uma plataforma omnichannel e multicanal. As operações são integradas nas lojas físicas, site e aplicativo de celular. Suas lojas aplicam o modelo de megastore.
SABESP;SBSP3  ;Big Cap;Utilidade Pública;A Sabesp é uma sociedade de economia mista que atua na área de saneamento. Ela é responsável pelo fornecimento de água, coleta e tratamento de esgotos de 370 municípios do Estado de São Paulo. A companhia atende 27,9 milhões de pessoas com abastecimento e 22,8 milhões com tratamento de esgoto.
SAO CARLOS;SCAR3  ;Micro Cap;Financeiro;A São Carlos Empreendimentos e Participações S.A. é uma empresa de investimento e administração de imóveis comerciais. Seu foco de atuação é a compra de edifícios de escritório grandes e com ineficiências. Posteriormente, a empresa corrige falhas e aumenta a rentabilidade dos imóveis.
SER EDUCA;SEER3  ;Micro Cap;Consumo Cíclico;O Grupo Ser Educacional é uma das maiores organizações privadas de ensino superior do Brasil. O grupo foi criado e liderado pelo empresário e professor José Janquiê Diniz, em Recife (PE). Constituído em 1993, o Ser Educacional tem foco nas regiões Nordeste, Norte e Sudeste do País.
SEQUOIA;SEQL3  ;Micro Cap;Bens Industriais;Controlada por Armando Marchesan Neto, fundador e atual CEO da Companhia, a Sequoia é uma das maiores operadoras logísticas de varejo e tecnologia do país.
SPRINGS GLOBAL;SGPS3  ;Nano Cap;Consumo Cíclico;
T4F ENTRETENIMENTO;SHOW3  ;Nano Cap;Consumo Cíclico;
SCHULZ;SHUL3   SHUL4  ;Mid Cap;Bens Industriais;A Schulz S.A. é uma empresa brasileira do setor metalúrgico. Inicialmente focada na fabricação de compressores de ar,  ela também produz filtros, ferramentas e secadores . As linhas de produtos da empresa são voltadas tanto para a industria quanto para o consumidor residencial. As exportações têm grande peso na empresa, uma vez que ela comercializa seus produtos para cerca de 70 países. A Schulz tem filiais em Frankfurt (Alemanha), e Atlanta (Estados Unidos). Também possui depósitos alfandegados na Europa e Estados Unidos e uma unidade em Xangai (China)
SIMPAR;SIMH3  ;Mid Cap;Financeiro;
SLC AGRICOLA;SLCE3  ;Mid Cap;Consumo não Cíclico;
SARAIVA LIVR;SLED3   SLED4  ;Nano Cap;Consumo Cíclico;
SMARTFIT;SMFT3  ;Mid Cap;Consumo Cíclico;A SmartFit é uma rede de academias de ginástica que atua em 13 países da América Latina e conta com 928 academias. Antes da pandemia do coronavírus, a companhia tinha uma base de clientes ativos de 2,8 milhões de pessoas.
SAO MARTINHO;SMTO3  ;Mid Cap;Consumo não Cíclico;A São Martinho S.A. é uma empresa do setor sucroenergético. Possui capacidade aproximada de moagem de 24 milhões de toneladas de cana-de-açúcar. O índice de mecanização de colheita é de 100% e a área agrícola de 300 mil hectares. Ainda possui capacidade de estocagem de 820 mil toneladas de açúcar e 700 mil m³ de etanol. Também atua com geração de energia elétrica.
SANSUY;SNSY3   SNSY5   SNSY6  ;Nano Cap;Materiais Básicos;
BOA SAFRA;SOJA3  ;Small Cap;Consumo não Cíclico;A Boa Safra é uma produtora de sementes que tem operações nas regiões Centro-Oeste, Sudeste, Norte e Nordeste. A companhia diz oferecer sementes de soja com alta qualidade, levando seus produtos para 70% dos estados produtores da commodity.
GRUPO SOMA;SOMA3  ;Mid Cap;Consumo Cíclico;Nascido da fusão das marcas Animale com a Farm em 2010, o Grupo Soma é uma empresa de varejo que ganhou renome com moda feminina, mas desde 2014 passou a trabalhar também com negócios focados no vestuário masculino e infantil.
SONDOTECNICA;SOND3   SOND5   SOND6  ;Nano Cap;Bens Industriais;
SINQIA;SQIA3  ;Small Cap;Tecnologia da Informação;"A Sinqia é uma fintech que oferece sistemas, softwares e soluções tecnológicas para o sistema financeiro brasileiro. Fundada em 1996, cresceu por meio de dezenas de fusões e aquisições. Emprega mais de 1,1 mil colaboradores e atende a cerca de 360 clientes em todo o Brasil. A empresa fornecedora de softwares para o segmento de previdência Stock &amp; Info Ltda. foi uma das aquisições feitas pela Sinqia em 2019."
SANTOS BRASIL;STBP3  ;Mid Cap;Bens Industriais;A Santos Brasil Participações S.A. é uma empresa de operação portuária de contêineres que opera cinco terminais marítimos. São três terminais de contêineres – Tecon Santos (SP), Tecon Vila do Conde (PA) e Tecon Imbituba (SC). Também opera um terminal de carga geral, o TCG Imbituba (SC). Ainda opera um terminal exclusivo para movimentação de veículos (TEV) em Santos.
STARA;STTR3  ;Nano Cap;Bens Industriais;
SUZANO PAPEL;SUZB3  ;Big Cap;Materiais Básicos;A Suzano S.A. é uma empresa de base florestal que atua principalmente com produtos fabricados a partir do plantio do eucalipto. O portfólio contempla papel revestido e não-revestido, papel cartão, papel tissue, celulose de mercado e celulose fluff.
SYN PROP TECH;SYNE3  ;Micro Cap;Financeiro;
TAESA;TAEE11   TAEE3   TAEE4  ;Mid Cap;Utilidade Pública;A Transmissora Aliança de Energia Elétrica S.A. (Taesa) é um grupo privado de transmissão de energia elétrica. A empresa se dedica a construção, operação e manutenção de ativos de transmissão, com 9.868 km de linhas e 909 subestações. A Taesa está presente em 17 estados, de todas as regiões do país. Atualmente o grupo detém 36 concessões. O Sistema Interligado Nacional (SIN) é o sistema de transmissão no qual a Taesaopera. O sistema é gerenciado pelo Operador Nacional do Sistema Elétrico (ONS) e é responsável pelo atendimento de cerca de 98% do mercado brasileiro de energia.
TAURUS ARMAS;TASA3   TASA4  ;Small Cap;Bens Industriais;A Taurus Armas é uma empresa de bens industriais, equipamentos e armas. Ela atua nos segmentos de armas e acessórios, capacetes e acessórios, contêineres e plásticos. A empresa também atua com moldagem por injeção de metal (Metal Injection Molding – MIM). A Taurus é uma Empresa Estratégica de Defesa de capital aberto. Desde 2014, a Companhia Brasileira de Cartuchos, de controle estatal, se tornou a principal acionista da Taurus. Sediada em São Leopoldo (RS), a empresa exporta para mais de 100 países. Ela possui 3 plantas, sendo duas no Brasil e uma nos Estados Unidos.
TECNOSOLO;TCNO3   TCNO4  ;Nano Cap;Bens Industriais;
TECNISA;TCSA3  ;Micro Cap;Consumo Cíclico;A Tecnisa S.A. é uma empresa brasileira de incorporação imobiliária. Ela atua com foco no mercado residencial, de forma integrada. A empresa executa todas as etapas de desenvolvimento dos seus empreendimentos. Ela realiza a compra de terrenos, incorporação, vendas e construção.
TECHNOS;TECN3  ;Nano Cap;Consumo Cíclico;O Grupo Technos é a maior empresa de relógios da América Latina. A companhia iniciou suas operações sob a marca “Technos” e, ao longo dos anos, diversificou o portfólio para outras marcas e segmentos de mercado.
TEKA;TEKA3   TEKA4  ;Nano Cap;Consumo Cíclico;
TELEBRAS;TELB3   TELB4  ;Small Cap;Comunicações;
TENDA CONSTRUTORA;TEND3  ;Micro Cap;Consumo Cíclico;A Tenda é uma das principais construtoras e incorporadoras do Brasil. A companhia concentra os seus empreendimentos nas faixas 1,5 e 2 do programa Minha Casa Minha Vida (MCMV), destinado a famílias de classe média baixa.
TRACK FIELD;TFCO4  ;Micro Cap;Consumo Cíclico;A Track Field foi fundada em 1988 por Frederico Wagner, Ricardo Rosset e Alberto Azevedo, sendo pensada como uma marca de moda esportiva. A princípio com foco em vestuário para ginástica, posteriormente também foram adicionados elementos voltados ao surfwear.
TEGMA;TGMA3  ;Small Cap;Bens Industriais;A Tegma é um importante operador logístico industrial do Brasil. A empresa especializou-se na logística de veículos prontos para praticamente todas as montadoras e principais importadoras instaladas no país. A partir do IPO, ocorrido em 2007, ampliou as operações de logística integrada para outros segmentos industriais, com serviços de abastecimento de linha de produção e armazenagem de bens de consumo.
TIM PARTICIPACOES;TIMS3  ;Big Cap;Comunicações;A TIM Participações é uma empresa de telecomunicações. Ela atua com telefonia móvel, fixa e acesso à internet via modem, tablet, celular, além da banda larga fixa. A empresa é líder no segmento 4G.
TEKNO;TKNO3   TKNO4  ;Micro Cap;Materiais Básicos;
TOTVS;TOTS3  ;Mid Cap;Tecnologia da Informação;A Totvs é uma empresa que atua com softwares de gestão empresarial. Na América Latina possui aproximadamente 30% de market share do segmento. Atua principalmente no Brasil, mas está presente em 41 países, com uma receita líquida, em 2018, de R$2,3 bilhões.
TRIUNFO PART;TPIS3  ;Nano Cap;Bens Industriais;A Triunfo Participações e Investimentos S.A. (TPI) é uma empresa brasileira que atua no setor de infraestrutura. Seu foco é em concessões rodoviárias, administração de aeroporto e terminal poortuário, além de energia elétrica.
TRADERSCLUB;TRAD3  ;Micro Cap;Tecnologia da Informação;
TRISUL;TRIS3  ;Micro Cap;Consumo Cíclico;A Trisul é uma construtora voltada para o mercado de médio e alto padrão, integrando construção, incorporação e vendas. Com empreendimentos em São Paulo e no Distrito Federal, a Trisul acumula em seu portfólio cerca de 200 empreendimentos, correspondentes a mais de 2,5 milhões de m².
TRAN PAULISTA;TRPL3   TRPL4  ;Mid Cap;Utilidade Pública;A ISA CTEEP (Companhia de Transmissão de Energia Elétrica Paulista) é uma concessionária de transmissão de energia elétrica. Antigamente era denominada Empresa Paulista de Transmissão de Energia Elétrica., ou apenas Transmissão Paulista. Em 2019, a capacidade instalada da companhia (controladora, controladas e coligadas em operação) totalizou 65,9 mil megavoltampères de transformação. Também contabilizava 18,6 mil quilômetros de linhas de transmissão, 25,8 mil quilômetros de circuitos e 126 subestações próprias. A empresa interliga as usinas hidrelétricas dos rios Paraná, Tietê, Pardo e Paranapanema à diversas distribuidoras. A companhia é responsável pelo transporte anual de cerca de 25% de toda a energia elétrica produzida no país. Também responde por 60% da energia consumida na Região Sudeste e quase 100% no Estado de São Paulo. Possui um Centro de Operação e Transmissão em Jundiaí, São Paulo. Está presente em 17 estados brasileiros.
3TENTOS;TTEN3  ;Mid Cap;Consumo não Cíclico;A 3tentos atua no gerenciamento de grãos, armazenagem, defensivos agrícolas, fertilizantes e gestão de produção. A empresa foi fundada em 1995 em Santa Bárbara do Sul (RS), começando na produção de sementes e depois expandindo seu escopo de atuação.
TUPY;TUPY3  ;Small Cap;Bens Industriais;
TEXTIL RENAUX;TXRX3   TXRX4  ;Nano Cap;Consumo Cíclico;
UNICASA;UCAS3  ;Nano Cap;Consumo Cíclico;
ULTRAPAR;UGPA3  ;Mid Cap;Petróleo. Gás e Biocombustíveis;O Grupo Ultra é uma companhia que atua em diferentes áreas, que incluem varejo, indústria e logística. No varejo, é dono da rede de postos de combustível Ipiranga, da distribuidora de gás GLP Ultragaz e da rede de farmácias Extrafarma. Na indústria, produz especialidades químicas com a Oxiteno. No setor de logística, possui a Ultracargo, que atua com armazenagem de granéis líquidos.
UNIPAR;UNIP3   UNIP5   UNIP6  ;Mid Cap;Materiais Básicos;A Unipar Carbocloro S.A. é uma empresa da indústria química. Sua principal atuação é na fabricação de cloro, derivados de cloro e soda cáustica. Ela também é acionista controladora da Unipar Indupa S.A.I.C., empresa argentina produtora de PVC, soda cáustica e cloro. Ao final de 2018, a empresa apresentou receita operacional líquida de R$ 3,5 bilhões e lucro líquido de R$ 547 milhões.
USIMINAS;USIM3   USIM5   USIM6  ;Mid Cap;Materiais Básicos;A Usiminas é um grupo siderúrgico com atuação em diferentes segmentos da cadeia de valor do aço. Suas atividades envolvem mineração e logística, bens de capital, centros de serviços e distribuição e soluções customizadas para a indústria. O grupo possui uma estrutura de empresas integradas para oferecer soluções adaptáveis aos mercados brasileiro e global. No setor de produção, a Usiminas possui duas plantas siderúrgicas, sendo uma em Minas Gerais e outra em São Paulo. A Soluções Usiminas é  empresa do grupo focada na distribuição e transformação de aço. A Unigal Usiminas é uma joint venture entre a Usiminas e a Nippon Steel para processar aço galvanizado por imersão a quente.
VALE;VALE3  ;Mega Cap;Materiais Básicos;A Vale é uma empresa brasileira que atua nos setores de mineração, logística, energia e siderurgia. Foi criada como estatal em 1942, durante o governo de Getúlio Vargas, para exploração de ferro em Itabira (MG).
VAMOS;VAMO3  ;Mid Cap;Consumo Cíclico;
VIBRA ENERGIA;VBBR3  ;Mid Cap;Petróleo. Gás e Biocombustíveis;
VIA;VIIA3  ;Small Cap;Consumo Cíclico;"A Via Varejo é uma empresa brasileira especializada em eletroeletrônicos e móveis. Além de administrar o e-commerce Extra.com.br, a marca opera três grandes redes; Casas Bahia, PontoFrio e Bartira."
VITTIA FERTILIZANTES;VITT3  ;Small Cap;Materiais Básicos;A Vittia é uma plataforma de biotecnologia que foi fundada em 1971, no interior de São Paulo. O Grupo é formado pelas empresas Biosoja, Samaritá, Granorte, Biovalens, Vitória Fertilizante e JB Biotecnologia.
VIVARA S.A.;VIVA3  ;Mid Cap;Consumo Cíclico;A Vivara é uma empresa que fabrica e comercializa jóias e assessórios. Ela possui mais de 230 pontos de venda no Brasil e atua com produtos para o público masculino e feminino. A empresa é dona das marcas Vivara, Life by Vivara, Vivara Watches, Vivara Accessories e Vivara Fragrances. Seu portfólio de produtos inclui, além de jóias, relógios, perfumes, óculos, abotoaduras, carteiras e bolsas.
TELEF BRASIL;VIVT3  ;Big Cap;Comunicações;A Telefônica Brasil S.A. é uma empresa de telecomunicações, com atuação em âmbito nacional. A companhia trabalha com produtos como voz fixa e móvel, banda larga fixa e móvel, ultra banda larga, dados e serviços digitais, TV por assinatura e TI. Ela é a dona da operadora Vivo.
VALID;VLID3  ;Micro Cap;Bens Industriais;A Valid é uma empresa de segurança digital e física. Ela atua nos setores de meios de pagamento, telecomunicações, sistemas de identificação, Marketing Digital e Certificação Digital. Entre os serviços que disponibiliza, inclui blockchain, certificado digital de uso específico, biometria, assinatura digital, entre outros.
FER C ATLANT;VSPT3   VSPT4  ;Micro Cap;Bens Industriais;
VULCABRAS;VULC3  ;Small Cap;Consumo Cíclico;
VIVEO;VVEO3  ;Small Cap;Saúde;A Viveo é uma distribuidora de produtos médicos. A companhia foi fundada em 1996 pela família Mafra, que hoje controla o negócio juntamente com a família Bueno, fundadora do gruo Amil.
WEG;WEGE3  ;Mega Cap;Bens Industriais;A WEG é uma empresa multinacional de equipamentos eletrônicos, atuando principalmente no setor de bens de capital. Fundada em 1961, ela produz equipamentos eletro-eletrônicos industriais, equipamentos para geração e transmissão de energia, motores para uso doméstico, além de tintas e vernizes.
WESTWING;WEST3  ;Nano Cap;Tecnologia da Informação;A Westwing é uma loja de decoração online criada em 2011 como subsidiária de uma empresa alemã homônima. Ela conta com um serviço de curadoria que busca tornar a experiência digital do consumidor a mais próxima possível de visitar uma loja por lazer.
WHIRLPOOL;WHRL3   WHRL4  ;Mid Cap;Consumo Cíclico;A Whirlpool S.A. é uma empresa fabricante de eletrodomésticos. Ela é dona das marcas Brastemp, Consul e KitchenAid, comercializadas no Brasil. A Whirpool do Brasil é subsidiária da Whirpool Corporation, com sede nos Estados Unidos, que também possui as marcas Acros, voltada para a América Latina, além da Maytag e Jenn Air. Ela também é dona da Eslabón de Lujo, comercializada na Argentina. No Brasil, a empresa possui cinco unidades, sendo três fábricas e dois centros administrativos. Também possui quatro centros de tecnologias, vinte e três laboratórios, e três centros de distribuição. Os produtos fabricados no Brasil são exportados para mais de 70 países no mundo.
WIZ;WIZC3  ;Micro Cap;Financeiro;
WLM;WLMM3   WLMM4  ;Micro Cap;Bens Industriais;
YDUQS;YDUQ3  ;Small Cap;Consumo Cíclico;A YDUQS é a nova marca da Estácio Participações, empresa especializada em educação com atuação focada no Ensino Superior. A companhia foi constituída em 2007, ano em que realizou seu IPO, e está listada no segmento Novo Mercado da Bolsa, com ações ordinárias.
ZAMP;ZAMP3  ;Small Cap;Consumo Cíclico;
